"","country_of_origin","aroma","flavor","acidity","category_two_defects","altitude_mean_meters","harvested","Qualityclass"
"1","China",7.25,7.08,7.17,14,1700,2013,"Poor"
"2","Mexico",7.58,7.08,7.58,4,1022,2013,"Poor"
"3","Brazil",8.25,7.83,8.33,0,1268,2016,"Poor"
"4","United States (Hawaii)",7.92,7.92,7.92,6,518.16,2012,"Good"
"5","United States (Hawaii)",7.42,7.33,7.58,0,518.16,2013,"Poor"
"6","Guatemala",7.67,7.83,7.92,7,1706.88,2015,"Good"
"7","Brazil",7.42,7.5,7.42,10,1028.15625,2015,"Poor"
"8","Thailand",7.42,7.58,7.17,0,1078.1151,NA,"Good"
"9","Guatemala",7.67,7.67,7.67,4,1500,2014,"Good"
"10","Mexico",7.25,7.08,7.33,45,1100,2012,"Poor"
"11","Guatemala",7.33,7.42,7.25,2,1700,2014,"Poor"
"12","Taiwan",7.83,7.92,7.83,0,750,2015,"Good"
"13","Uganda",8,7.92,7.75,7,1212,2013,"Good"
"14","Guatemala",8,7.92,7.58,0,1219.2,2014,"Good"
"15","Guatemala",7.92,7.58,7.58,15,1310.64,2012,"Poor"
"16","Vietnam",7.67,8,7.08,2,1040,2012,"Poor"
"17","Thailand",7.33,6.67,7.42,0,800,2012,"Poor"
"18","Colombia",7.67,7.67,7.67,2,442,2016,"Good"
"19","United States (Hawaii)",7.75,8,8.08,0,518.16,NA,"Good"
"20","Nicaragua",7.08,7.5,7.25,0,7488.97058823529,2016,"Poor"
"21","Colombia",7.67,7.42,7.83,0,1560.29133858268,2014,"Good"
"22","Mexico",7.25,7.33,7.25,0,1250,2012,"Poor"
"23","Brazil",7,6.75,6.83,2,1028.15625,2014,"Poor"
"24","Nicaragua",6.83,7.08,6.75,1,7488.97058823529,2014,"Poor"
"25","Colombia",7.67,7.67,7.58,7,1600,2015,"Good"
"26","Taiwan",7.25,7.25,7,0,250,2014,"Poor"
"27","Guatemala",7.33,7.08,7.25,8,1310.64,2013,"Poor"
"28","Mexico",7.67,7.75,7.75,12,940,2012,"Good"
"29","Taiwan",7.92,7.67,7.08,0,550,2014,"Poor"
"30","Guatemala",6.75,6.67,7.17,10,2940.38423492063,2012,"Poor"
"31","Kenya",8.08,8,8.25,1,1800,2013,"Good"
"32","Mexico",7.42,7.58,7.58,9,1300,2012,"Poor"
"33","Colombia",7.58,7.5,7.83,2,1700,2013,"Good"
"34","Guatemala",7.83,7.75,7.67,1,1770,2014,"Good"
"35","Costa Rica",7.5,7.25,7,4,1200,2014,"Poor"
"36","Colombia",7.75,7.67,7.67,0,442,2016,"Good"
"37","Taiwan",7.67,7.67,7.58,0,750,2016,"Good"
"38","Haiti",6.83,6.83,6.75,1,825,2013,"Poor"
"39","Guatemala",7.83,8,8.17,3,1524,2012,"Good"
"40","Kenya",7.75,7.83,8.08,5,1580,2012,"Good"
"41","Ethiopia",7.83,7.83,8.08,2,1774.20545454545,NA,"Good"
"42","Guatemala",7.58,7.58,7.83,7,1550,2015,"Poor"
"43","United States (Hawaii)",7.42,7.33,7.25,0,518.16,2012,"Poor"
"44","Colombia",7.83,7.5,7.42,2,1550,2013,"Poor"
"45","Guatemala",8.17,8.17,7.67,1,1450,2012,"Good"
"46","Kenya",8.08,8.08,8,2,1754,2014,"Good"
"47","Mexico",7.67,7.58,7.5,0,1296,2014,"Good"
"48","Colombia",7.75,7.83,7.83,0,1550,2013,"Good"
"49","Honduras",7.25,7.25,7.17,0,1400,2015,"Poor"
"50","Brazil",7.75,7.67,7.58,1,1200,2012,"Good"
"51","Honduras",7.5,7.33,7.25,1,1400,2015,"Poor"
"52","Colombia",7.75,7.58,7.67,4,1625,2012,"Good"
"53","Philippines",7.08,7.33,7.33,3,1400,2014,"Poor"
"54","United States (Hawaii)",7.42,7.33,7.33,1,518.16,2012,"Poor"
"55","Mexico",7.08,7.33,7.33,12,950,2012,"Poor"
"56","Mexico",7.58,7.42,7.33,13,1800,2012,"Poor"
"57","Brazil",7.33,7.67,7.33,3,1,2016,"Good"
"58","Guatemala",7.5,7.5,7.58,2,1390.8024,2012,"Poor"
"59","United States (Hawaii)",7.58,7.33,7.42,3,518.16,2014,"Poor"
"60","Mexico",7.5,7.67,7.75,3,1300,2016,"Good"
"61","Colombia",7.67,7.58,7.42,1,175,2012,"Good"
"62","Mexico",7.33,7.25,7.42,6,1250,2012,"Poor"
"63","Mexico",7,7,7.33,1,1400,2012,"Poor"
"64","China",7.83,7.83,7.75,1,1400,2015,"Good"
"65","El Salvador",7.25,7.08,6.83,12,1250,2016,"Poor"
"66","Mexico",7.42,7.58,7.42,2,1400,2012,"Poor"
"67","Colombia",7.92,7.75,7.42,1,1800,2010,"Good"
"68","Guatemala",7.5,7.67,7.67,2,1371.6,2012,"Good"
"69","Taiwan",7.67,7.5,7.5,0,1240,2014,"Good"
"70","Thailand",7.5,7.75,7.83,0,800,2014,"Good"
"71","Mexico",7.92,7.58,7.92,1,1300,2012,"Poor"
"72","Mexico",6.92,6.92,7.25,2,1150,2012,"Poor"
"73","Indonesia",7.83,7.75,7.5,5,1250,2017,"Good"
"74","Guatemala",7.17,6.08,7.25,9,2940.38423492063,2012,"Poor"
"75","Mexico",7.5,7.17,7.25,1,100,2012,"Poor"
"76","Colombia",7.5,7.42,7.17,0,1750,2011,"Poor"
"77","Mexico",7,6.58,6.83,11,1140,2012,"Poor"
"78","Guatemala",7.5,7.67,7.67,1,1386.84,2010,"Good"
"79","Ethiopia",7.75,8.08,8.25,4,1750,2010,"Good"
"80","Brazil",8,8,7.5,2,1050,2011,"Good"
"81","Philippines",6.83,6.5,6.92,2,1000,2012,"Poor"
"82","Guatemala",7.08,7,7.33,19,1325.88,2010,"Poor"
"83","Brazil",7.58,7.58,7.5,2,905,2015,"Good"
"84","Mexico",7.67,7.42,7.42,0,1130,2016,"Poor"
"85","Honduras",7.58,7.42,7.42,4,1350,2015,"Poor"
"86","Mexico",7.5,7.17,7.17,0,1100,2012,"Poor"
"87","Colombia",7.67,7.58,7.58,1,1550,2014,"Good"
"88","Brazil",7.33,7.5,7.33,11,982,2016,"Poor"
"89","Guatemala",7.58,7.75,7.83,0,1400,2013,"Good"
"90","Colombia",7.67,7.67,7.67,1,1900,2013,"Good"
"91","Colombia",7.58,7.67,7.67,0,442,2015,"Good"
"92","Costa Rica",8.17,8,7.17,0,1750,2014,"Good"
"93","Mexico",7.33,7.25,7.42,4,1000,2012,"Poor"
"94","Guatemala",7.5,7.5,7.42,0,1219.2,2017,"Poor"
"95","Tanzania, United Republic Of",7.75,7.42,7.58,1,1700,2014,"Poor"
"96","Costa Rica",7.58,7.5,7.75,4,1100,2013,"Poor"
"97","Colombia",8.08,7.67,7.83,0,1800,2016,"Good"
"98","Mexico",7.75,7.92,7.67,4,900,2012,"Good"
"99","Honduras",7.5,7.17,7.42,5,1400,2014,"Poor"
"100","Brazil",7.5,7.83,7.58,5,1227,2016,"Good"
"101","Taiwan",7.67,7.42,7.42,0,1050,2016,"Good"
"102","Taiwan",7.33,7.17,7.08,0,850,2014,"Poor"
"103","Colombia",7.83,7.67,7.75,1,1560.29133858268,2015,"Poor"
"104","Guatemala",7.33,7,7.17,2,1219.2,2014,"Poor"
"105","United States (Hawaii)",7.33,7.42,7.67,1,518.16,2013,"Poor"
"106","United States (Hawaii)",7.08,6.92,6.67,5,518.16,2013,"Poor"
"107","Guatemala",7.67,7.5,8,0,1524,2012,"Good"
"108","Ethiopia",7.92,7.92,8,15,1800,2012,"Good"
"109","Uganda",8.25,8,8.08,0,1650,2012,"Good"
"110","Mexico",7.33,7.5,7.33,6,1000,2012,"Poor"
"111","United States (Hawaii)",7.42,7.42,7.58,0,518.16,2012,"Poor"
"112","Mexico",7.58,7.58,7.42,2,1380,2012,"Good"
"113","Colombia",7.75,7.67,7.58,3,1750,2013,"Good"
"114","Colombia",7.75,7.5,7.42,5,1560.29133858268,2016,"Good"
"115","Colombia",7.42,7.17,7.17,3,1560.29133858268,NA,"Poor"
"116","Guatemala",7.67,7.25,7.33,1,1200,2013,"Poor"
"117","United States (Hawaii)",7.58,7.83,7.75,0,518.16,2013,"Good"
"118","Thailand",6.83,7.42,7.17,0,1450,2014,"Poor"
"119","Guatemala",7.5,7.42,7.75,3,2940.38423492063,2017,"Poor"
"120","Tanzania, United Republic Of",7.42,7.42,7.42,4,1600,2014,"Poor"
"121","Nicaragua",7.08,7.5,7.17,4,1100,2015,"Poor"
"122","Taiwan",7.25,7.25,7,0,150,2014,"Poor"
"123","United States (Hawaii)",7.5,7.5,7.42,0,518.16,2013,"Good"
"124","Colombia",7.83,7.67,7.58,1,1600,2014,"Good"
"125","Mexico",7.83,7.92,7.83,1,1450,2012,"Good"
"126","United States (Hawaii)",7.58,7.67,7.5,0,518.16,NA,"Good"
"127","Guatemala",7.42,7.5,7.5,1,157.8864,2017,"Poor"
"128","Brazil",7.25,7.33,7.33,14,1100,2016,"Poor"
"129","Malawi",7.67,7.42,7.5,0,1599,2014,"Poor"
"130","Honduras",7.25,7.33,7.5,1,1450,2015,"Poor"
"131","Colombia",7.5,7.58,7.67,0,1625,2012,"Good"
"132","Mexico",7.42,7.5,7.58,0,1296,2014,"Poor"
"133","Mexico",7.33,7.08,7.42,2,1250,2012,"Poor"
"134","Taiwan",8.08,8.17,8.08,0,1000,2015,"Good"
"135","Colombia",7.25,7.17,6.75,4,1800,2010,"Poor"
"136","Nicaragua",6.92,6.92,7.42,6,1050,2015,"Poor"
"137","United States (Hawaii)",7.83,7.67,7.67,0,518.16,NA,"Good"
"138","Brazil",7.5,7.75,7.5,3,890,2018,"Good"
"139","Colombia",7.58,7.58,7.58,4,1775,2015,"Good"
"140","Brazil",7.67,7.67,7.75,5,890,2018,"Good"
"141","Guatemala",7.67,7.42,7.17,0,1500,2016,"Poor"
"142","Brazil",7.5,7.33,7.5,3,944,2016,"Poor"
"143","Mexico",7.25,7.33,7,7,850,2012,"Poor"
"144","Brazil",6.92,7.58,7.33,1,1,2016,"Poor"
"145","Colombia",7.5,7.42,7.42,0,1560.29133858268,2013,"Poor"
"146","Mexico",7.58,7.58,7.42,4,1338,2013,"Poor"
"147","Brazil",7.42,7.5,7.5,0,1028.15625,2016,"Poor"
"148","Brazil",7.83,7.83,7.67,3,1250,2012,"Good"
"149","Brazil",7.58,7.5,7.75,4,890,2018,"Good"
"150","Thailand",7.58,7.25,7.92,0,1078.1151,NA,"Good"
"151","Nicaragua",7.08,6.92,7.25,2,900,2015,"Poor"
"152","Mexico",6.75,7.08,7.25,12,1300,2012,"Poor"
"153","Colombia",7.75,7.58,7.83,5,1560.29133858268,2016,"Good"
"154","Tanzania, United Republic Of",7.25,7.08,7.33,1,1400,2014,"Poor"
"155","Ethiopia",7.92,7.83,8.33,3,1774.20545454545,NA,"Good"
"156","Indonesia",8.17,7.67,7.58,0,1400,2012,"Good"
"157","Tanzania, United Republic Of",7.75,7.58,7.58,6,1700,2014,"Good"
"158","Costa Rica",7.67,7.5,7.25,0,1300,2015,"Poor"
"159","Mexico",7.33,7.58,7.5,0,1237.79894179894,2014,"Poor"
"160","Thailand",7.83,7.33,7.33,0,1078.1151,2012,"Good"
"161","Ethiopia",7.83,8.08,8.08,4,1900,2014,"Good"
"162","Tanzania, United Republic Of",7.67,7.25,7.42,7,2285,2016,"Poor"
"163","Honduras",7.58,7.92,7.75,2,1500,2016,"Good"
"164","Guatemala",7.5,7,7.08,6,1310.64,2013,"Poor"
"165","Uganda",8,7.67,7.5,2,1488,2014,"Poor"
"166","Thailand",7.58,7.5,7.42,0,800,2013,"Poor"
"167","Guatemala",7.5,7.67,7.67,4,1700,2017,"Good"
"168","Mexico",8,7.92,8.08,0,1350,2012,"Good"
"169","United States",7.67,8.17,8,0,1941,2014,"Good"
"170","Peru",7.42,7.75,7.67,9,1200,2014,"Poor"
"171","Brazil",7.83,7.75,7.75,2,1100,2012,"Good"
"172","Nicaragua",7.5,7.5,7.42,1,1000,NA,"Poor"
"173","Taiwan",7.17,7.17,7.42,0,50,2017,"Poor"
"174","Tanzania, United Republic Of",7.33,7.17,7.25,0,1700,2014,"Poor"
"175","Malawi",7.58,7.42,7.33,0,1556,2014,"Poor"
"176","Honduras",0,0,0,2,1400,2017,"Poor"
"177","Kenya",7.33,7.58,7.75,4,1800,2018,"Good"
"178","El Salvador",8.42,8.08,7.17,2,1500,2013,"Good"
"179","Mexico",6.92,7.17,7.17,9,1264,2012,"Poor"
"180","Colombia",7.67,7.67,7.67,4,442,2016,"Good"
"181","Brazil",7.67,7.58,7.5,2,905,2015,"Good"
"182","Nicaragua",7.33,7.08,7,3,1050,2013,"Poor"
"183","Tanzania, United Republic Of",7.58,7.5,7.58,4,1550,2014,"Good"
"184","Brazil",7.67,7.58,7.58,0,890,2018,"Good"
"185","Nicaragua",7.08,7,6.83,7,7488.97058823529,2016,"Poor"
"186","Honduras",7.5,7.5,7.42,5,1400,2017,"Poor"
"187","Guatemala",8,7.5,8,0,1356.6648,2014,"Good"
"188","Uganda",8.08,8,7.67,5,1950,2013,"Good"
"189","Mexico",7.33,7.17,7.08,0,1300,2012,"Poor"
"190","Mexico",7.25,7.42,7.33,16,1650,2012,"Poor"
"191","Thailand",7.33,7.67,7.5,0,1078.1151,2011,"Good"
"192","Colombia",7.92,7.75,7.92,3,1775,2014,"Good"
"193","Honduras",7.5,7.5,7.17,3,1500,2017,"Poor"
"194","Colombia",7.67,7.67,7.5,3,1775,2014,"Good"
"195","Guatemala",7.33,7.17,7.58,3,1219.2,2014,"Poor"
"196","Mexico",7.75,7.67,7.5,8,532,2012,"Good"
"197","Guatemala",7.75,7.75,7.92,4,1500,2016,"Good"
"198","Mexico",6.92,6.42,7.33,27,1200,2012,"Poor"
"199","Mexico",7.17,7.08,7.25,3,1300,2012,"Poor"
"200","Guatemala",7.42,7.33,7.67,3,1219.2,2017,"Poor"
"201","Guatemala",7.25,7.17,7.25,6,1550,2015,"Poor"
"202","United States (Hawaii)",7.5,7.5,7.42,0,518.16,2012,"Good"
"203","Rwanda",7.83,7.92,7.83,0,1900,2015,"Good"
"204","Colombia",7.58,7.67,7.33,1,1500,2017,"Good"
"205","Brazil",7.58,7.83,7.67,3,1038.5,2012,"Good"
"206","Mexico",7.83,7.83,7.92,5,1300,2017,"Good"
"207","Mexico",7.08,7,7.33,11,1250,2012,"Poor"
"208","Costa Rica",7.58,7.33,7.33,2,13,2013,"Poor"
"209","United States (Hawaii)",7.5,7.33,7.58,3,518.16,2013,"Poor"
"210","Tanzania, United Republic Of",8.42,8.17,8,1,1557.69696969697,2012,"Good"
"211","Brazil",7.25,7.5,7.17,0,1100,2015,"Poor"
"212","Indonesia",7.75,7.83,8,3,1325,2012,"Good"
"213","Colombia",5.08,7.75,7.75,1,1600,2016,"Poor"
"214","Malawi",7.75,7.33,7.33,1,1200,2014,"Poor"
"215","Taiwan",7.5,7.5,7.5,0,200,2014,"Poor"
"216","Mexico",7.83,7.75,7.58,2,1261,2015,"Good"
"217","Tanzania, United Republic Of",7.42,7.42,7.42,5,1800,2014,"Poor"
"218","Costa Rica",7.5,7.67,7.5,3,1200,2013,"Good"
"219","Guatemala",7.75,7.5,7.5,10,1402.08,2012,"Good"
"220","El Salvador",7.67,7.67,7.33,4,1250,2017,"Good"
"221","Costa Rica",7.75,7.83,8,2,1575,2012,"Good"
"222","Honduras",7,6.17,6.67,3,1450,2014,"Poor"
"223","Brazil",7.67,7.42,7.67,4,1250,2012,"Good"
"224","Honduras",7.58,7,6.92,5,1650,2017,"Poor"
"225","Mexico",7.83,7.67,7.58,2,1000,2012,"Good"
"226","Ethiopia",8.75,8.67,8.58,1,2075,2014,"Good"
"227","Mexico",7.83,7.92,7.75,4,1400,2012,"Good"
"228","El Salvador",7.83,8,7.75,0,1350,2012,"Good"
"229","Brazil",8.33,8,8,2,1250,2011,"Good"
"230","Uganda",7.58,7.75,7.75,1,1800,2015,"Good"
"231","Mexico",7.25,7.08,7.25,20,1550,2012,"Poor"
"232","Brazil",7.75,8.08,8.08,0,1100,2015,"Poor"
"233","Brazil",7.58,7.5,7.42,10,1100,NA,"Poor"
"234","Colombia",8,7.58,7.58,0,1850,2014,"Good"
"235","Nicaragua",7.25,6.58,6.25,5,1100,2016,"Poor"
"236","Mexico",7,7,7.17,10,1000,2012,"Poor"
"237","Mexico",7.42,7.33,7.42,1,1200,2012,"Poor"
"238","Tanzania, United Republic Of",7.42,7.33,7.25,2,1456,2014,"Poor"
"239","Brazil",8,8,7.67,1,1250,2011,"Good"
"240","Mexico",6.92,7,6.92,1,1000,2014,"Poor"
"241","Guatemala",7.42,7.25,7.33,2,1219.2,2014,"Poor"
"242","Uganda",7.92,7.83,7.92,3,1775,2012,"Good"
"243","Brazil",7.58,7.83,7.42,1,1200,2015,"Good"
"244","Colombia",7.58,7.58,7.58,0,1483,2014,"Good"
"245","Costa Rica",7.92,7.58,7.75,14,1352.15,2012,"Poor"
"246","Colombia",7.83,7.5,7.42,3,1775,2013,"Good"
"247","India",7.67,7.33,6.67,0,1482.72727272727,2016,"Poor"
"248","Brazil",7.5,7.42,7.42,2,125,2012,"Poor"
"249","Guatemala",6.5,6.33,7.5,1,1310.64,2013,"Poor"
"250","Brazil",7.5,7.58,7.5,7,1028.15625,2016,"Good"
"251","United States (Hawaii)",7.25,7.75,7.67,0,518.16,NA,"Poor"
"252","Honduras",7.5,7.5,7.67,5,1450,2013,"Good"
"253","Taiwan",7.25,7.25,7.08,0,250,2014,"Poor"
"254","India",7.67,7.75,7.67,0,3140,2017,"Good"
"255","Brazil",7.42,7.42,7.42,5,934,2016,"Poor"
"256","Thailand",7.5,7.83,7.58,0,1078.1151,2011,"Good"
"257","Taiwan",7.42,7.33,7.33,0,900,2014,"Poor"
"258","Mexico",7.67,7.75,7.67,32,900,2012,"Good"
"259","Mexico",7.5,7.42,7.42,2,1200,2012,"Poor"
"260","China",7.5,7.67,7.67,0,1200,2015,"Good"
"261","Philippines",8.08,7.5,7.42,0,1600,2014,"Good"
"262","Tanzania, United Republic Of",7.25,7.17,7.25,5,1700,2016,"Poor"
"263","Honduras",7.5,7.42,7.42,3,1200,2018,"Poor"
"264","Guatemala",7.08,6.92,7,15,1310.64,2013,"Poor"
"265","Colombia",7.58,7.67,7.17,0,1800,2010,"Poor"
"266","Brazil",7.42,7.5,7.5,5,890,2018,"Poor"
"267","Ethiopia",7.83,8,8.17,7,1774.20545454545,2017,"Good"
"268","Mexico",7.67,7.5,7.5,3,1300,2013,"Poor"
"269","Guatemala",7.58,7.5,7.58,1,1901,2017,"Poor"
"270","Brazil",7.67,7.58,7,1,1028.15625,2012,"Poor"
"271","Taiwan",7.58,7.58,7.17,0,729.983333333333,NA,"Good"
"272","Taiwan",7.75,7.75,7.5,0,1300,2014,"Good"
"273","Mexico",7.42,7,7.08,4,1400,2012,"Poor"
"274","Guatemala",7.83,7.5,8,2,2940.38423492063,2012,"Good"
"275","Kenya",8.17,7.83,7.75,7,1,2015,"Good"
"276","Colombia",7.5,7.42,7.5,1,1750,2013,"Poor"
"277","Brazil",7.58,7.67,7.75,7,934,2016,"Good"
"278","Guatemala",7.5,7.58,7.83,7,2100,2016,"Good"
"279","Guatemala",7.92,7.67,7.25,1,2940.38423492063,NA,"Good"
"280","United States (Hawaii)",7.25,7.08,7.17,0,518.16,2014,"Poor"
"281","Brazil",7.17,7.17,7.17,5,1100,2018,"Poor"
"282","China",7.67,8,7.83,2,1100,2013,"Good"
"283","Colombia",7.67,7.67,7.83,4,1560.29133858268,2016,"Good"
"284","Brazil",7.42,7.25,7,3,1200,2015,"Poor"
"285","Taiwan",7.92,7.58,7.83,0,350,2016,"Good"
"286","Costa Rica",7.58,7.42,7.17,1,13,2015,"Poor"
"287","El Salvador",7.33,7.17,7.08,1,1450,2013,"Poor"
"288","Mexico",7.58,7.58,7.5,6,1550,2013,"Good"
"289","United States (Hawaii)",7.83,7,7.58,10,518.16,NA,"Poor"
"290","Mexico",7.75,8,7.83,0,1200,2012,"Good"
"291","China",7.67,7.67,7.67,3,1600,2015,"Good"
"292","Colombia",7.83,7.83,7.33,1,1600,2011,"Good"
"293","Brazil",7.75,7.67,7.5,1,1000,2012,"Good"
"294","China",7,6.92,7.17,5,1850,2013,"Poor"
"295","Taiwan",7.17,6.75,7.33,0,775,2012,"Poor"
"296","Honduras",6.83,6.83,6.83,7,1350,2014,"Poor"
"297","Mexico",7.42,7.42,7.33,1,1500,2012,"Poor"
"298","Costa Rica",7.17,7.42,8,20,1352.15,2012,"Poor"
"299","Costa Rica",7.33,7.33,7.25,0,1300,2014,"Poor"
"300","Uganda",7.83,7.5,7.58,0,1650,2013,"Good"
"301","Brazil",7.42,7.58,7.5,3,1100,2012,"Poor"
"302","Colombia",7.75,7.75,7.75,5,1750,2013,"Good"
"303","Mexico",7.5,7.58,7.5,0,1300,2012,"Poor"
"304","Ethiopia",8.25,8.33,8.25,2,1635,2010,"Good"
"305","Taiwan",7.67,7.33,7.25,0,700,2014,"Poor"
"306","Uganda",7.67,7.58,7.42,6,1473,2015,"Good"
"307","Thailand",6.92,7.17,7.42,0,800,2013,"Poor"
"308","Mexico",7.83,7.33,7.58,2,1500,2012,"Poor"
"309","Mexico",7.75,7.75,7.67,2,1200,2014,"Good"
"310","United States (Hawaii)",7.5,7.25,7.25,2,518.16,2014,"Poor"
"311","China",7.83,7.75,7.5,2,1650,2015,"Good"
"312","Colombia",7.5,7.5,7.42,0,1775,2013,"Poor"
"313","Malawi",7.5,7.25,7.17,1,995,2014,"Poor"
"314","Brazil",7.17,7.58,7.5,1,1,2016,"Poor"
"315","Honduras",7.67,7.67,7.67,3,1350,2015,"Good"
"316","Ethiopia",8.17,8.67,8.5,1,1905,2014,"Good"
"317","Brazil",8.5,8,7.75,1,1100,2011,"Good"
"318","Mexico",7.58,7.33,7.25,8,808,2012,"Poor"
"319","Colombia",8.17,7.83,8.08,0,2560,2015,"Good"
"320","Guatemala",7.5,7.75,7.83,1,1500,2015,"Good"
"321","Colombia",7.5,7.58,7.75,2,1775,2014,"Good"
"322","Mexico",7.75,7.58,7.58,2,1500,2013,"Good"
"323","Colombia",7.42,8,7.75,0,1560.29133858268,2012,"Poor"
"324","Mexico",6.75,6.75,7.25,8,1200,2010,"Poor"
"325","Indonesia",7.67,7.67,7.58,3,1400,2017,"Good"
"326","Guatemala",7.75,7.83,8,1,1600,2015,"Good"
"327","United States (Hawaii)",7.42,7.75,7.58,2,518.16,2012,"Good"
"328","Costa Rica",7.5,7.5,7.5,0,1900,2016,"Good"
"329","Myanmar",8,7.08,7.33,26,914.4,2015,"Poor"
"330","Philippines",7.58,7.58,7.58,1,1200,2015,"Good"
"331","Taiwan",7.5,7.58,7.33,9,775,2014,"Good"
"332","Colombia",7.75,7.25,7.42,3,1750,2013,"Good"
"333","Colombia",7.67,7.58,7.5,4,1560.29133858268,2012,"Good"
"334","Ethiopia",7.75,7.67,7.67,7,1850,2014,"Good"
"335","Mexico",7.58,7.58,7.75,11,1237.79894179894,2014,"Good"
"336","Taiwan",7.58,7.67,7.67,4,968,2016,"Good"
"337","Taiwan",7.75,7.75,7.75,0,1000,2014,"Good"
"338","Ethiopia",7.75,7.75,7.75,1,1493.52,NA,"Good"
"339","Guatemala",7.92,7.67,7.92,1,1219.2,2014,"Good"
"340","Colombia",7.92,7.58,7.83,6,2527,2017,"Good"
"341","Brazil",8,7.92,7.75,2,1200,2011,"Good"
"342","Mexico",7.33,7.33,7.08,12,1000,2012,"Poor"
"343","United States (Hawaii)",8.08,7.83,7.75,0,518.16,NA,"Good"
"344","Guatemala",7.83,7.67,7.33,0,1310.64,2013,"Good"
"345","United States (Hawaii)",7.83,7.83,7.17,0,518.16,2012,"Good"
"346","Nicaragua",7.33,7.5,7.17,7,1200,2016,"Poor"
"347","Brazil",7.67,7.42,7.58,4,890,2018,"Good"
"348","Uganda",8,7.92,7.75,0,1400,2013,"Good"
"349","United States (Hawaii)",7.5,7,6.92,3,518.16,2014,"Poor"
"350","Malawi",7.5,7.42,7.58,1,2500,2014,"Poor"
"351","Taiwan",6.83,6.75,7.25,0,800,2013,"Poor"
"352","Mexico",7.33,7.33,7.42,2,1150,2013,"Poor"
"353","Taiwan",7.5,7.42,7.25,0,600,2014,"Poor"
"354","El Salvador",7.75,7.58,7.75,3,1200,2011,"Good"
"355","Guatemala",7.33,7.17,7.42,3,1219.2,2014,"Poor"
"356","Colombia",7.92,7.75,7.67,4,1560.29133858268,2016,"Good"
"357","Guatemala",7.67,7.67,7.83,0,1500,2014,"Good"
"358","Guatemala",7.58,7.5,7.75,2,1700,2017,"Poor"
"359","Brazil",7.42,7.42,7.33,3,1260,2014,"Poor"
"360","Mexico",7.5,7.58,7.5,4,1000,2012,"Poor"
"361","Costa Rica",7.67,7.58,7.75,1,1750,2014,"Good"
"362","Honduras",7.5,7.58,7.5,8,1396,2017,"Poor"
"363","Mexico",7.83,7.67,7.58,3,1059,2015,"Good"
"364","Guatemala",8,7.75,7.58,4,2940.38423492063,2016,"Good"
"365","Brazil",7.58,7.58,7.58,2,950,2012,"Poor"
"366","Malawi",7.42,7.42,7.58,0,1100,2014,"Poor"
"367","Colombia",7.5,7.58,7.67,2,1800,2011,"Good"
"368","Taiwan",7.83,7.75,7.17,0,110,2014,"Poor"
"369","Mexico",7.67,7.58,7.58,2,1650,2012,"Poor"
"370","Colombia",7.67,7.33,7.33,0,1775,2012,"Poor"
"371","Tanzania, United Republic Of",7.33,7.33,7.25,7,1700,2013,"Poor"
"372","Colombia",7.33,7.42,7.42,2,1775,2012,"Good"
"373","Colombia",8,8,8.17,0,1800,2013,"Good"
"374","Brazil",7.25,7.75,7.42,0,1,2016,"Poor"
"375","Brazil",7.42,7.5,7.33,0,1260,2014,"Good"
"376","Honduras",7.42,7.17,7.5,1,1400,2015,"Poor"
"377","Guatemala",7.92,7.75,7.67,4,1310.64,2013,"Good"
"378","Costa Rica",7.92,7.83,7.83,0,1700,2014,"Good"
"379","Mexico",7.25,7.08,7.33,21,940,2012,"Poor"
"380","Uganda",7.92,7.75,7.67,26,1700,2012,"Good"
"381","Mexico",7,6.83,7.42,30,800,2012,"Poor"
"382","United States (Hawaii)",7.58,7.5,7.33,1,518.16,NA,"Poor"
"383","Thailand",7.33,7.5,7.5,0,1450,2014,"Good"
"384","El Salvador",7.33,7.67,7.83,4,1250,2016,"Good"
"385","Brazil",8.17,7.92,7.75,2,12,2010,"Good"
"386","Colombia",7.75,7.58,7.5,0,1000,2016,"Good"
"387","Colombia",7.75,7.58,7.83,0,1800,2013,"Good"
"388","Tanzania, United Republic Of",7.42,7.42,7.58,3,1350,2014,"Poor"
"389","Mexico",7.5,7.42,7.58,6,1400,2013,"Poor"
"390","Malawi",7.58,7.17,7.42,0,1422,2014,"Poor"
"391","Taiwan",7.75,7.33,7.33,0,1000,2014,"Poor"
"392","Malawi",7.58,7.25,7.08,12,995,2014,"Poor"
"393","Colombia",7.58,8.08,7.83,2,1550,2014,"Good"
"394","Taiwan",7.25,7.25,7.25,0,600,2014,"Poor"
"395","Mexico",7.5,7.67,7.5,8,1200,2012,"Good"
"396","Mexico",7.83,8,7.75,3,1300,2015,"Good"
"397","Tanzania, United Republic Of",8,7.83,7.92,2,1620,2014,"Good"
"398","United States (Hawaii)",7.5,6.92,7.25,8,518.16,2013,"Poor"
"399","Brazil",8.58,8.42,8.5,1,1028.15625,2013,"Good"
"400","Mexico",7.5,7.5,7.25,7,981,2012,"Poor"
"401","Nicaragua",7.25,7.25,7.25,5,110000,2015,"Poor"
"402","United States (Hawaii)",7.5,7.75,7.83,0,518.16,2014,"Poor"
"403","Colombia",7.67,7.83,8,2,1750,2012,"Good"
"404","Guatemala",7.25,7.33,7,4,1219.2,2014,"Poor"
"405","Guatemala",7.58,7.67,7.42,1,1700,2017,"Poor"
"406","Colombia",7.83,7.67,7.75,0,1560.29133858268,2016,"Good"
"407","Philippines",7.25,7.25,7.08,4,1200,2014,"Poor"
"408","India",7.67,7.67,7.33,1,750,2014,"Poor"
"409","Brazil",7.42,7.67,7.08,9,1,2016,"Poor"
"410","Colombia",7.67,7.67,7.75,0,1550,2013,"Good"
"411","Taiwan",7.67,7.67,7.08,0,729.983333333333,2015,"Good"
"412","Tanzania, United Republic Of",7.42,7.42,7.5,1,1600,2016,"Poor"
"413","Costa Rica",8,7.58,7.75,4,1200,2014,"Good"
"414","Indonesia",7.81,7.88,7.75,0,1522.91666666667,2017,"Good"
"415","Costa Rica",7.92,8.08,7.92,0,1300,2014,"Good"
"416","China",8.42,8.25,8.17,0,1450,2015,"Good"
"417","Vietnam",7.58,7.42,7.33,0,1550,2017,"Good"
"418","Honduras",7.58,7.5,7.33,1,1400,2017,"Poor"
"419","Brazil",8.5,8.17,7.75,2,1300,2011,"Good"
"420","Mexico",6.92,7.17,7.5,4,1050,2012,"Poor"
"421","Ethiopia",8,8.08,8,3,1775,2014,"Good"
"422","Thailand",7.75,7.75,8,2,1499.9208,2011,"Good"
"423","Mexico",7.83,7.83,7.67,0,1170,2012,"Good"
"424","Guatemala",7.33,7.5,7.42,1,2940.38423492063,2012,"Poor"
"425","Taiwan",7.5,7.5,7.5,0,650,2014,"Poor"
"426","Kenya",7.83,8.08,8.08,2,1600,2012,"Good"
"427","Uganda",7.83,7.75,7.83,1,1600,2012,"Good"
"428","Honduras",7.33,7.33,7.33,3,1450,2014,"Poor"
"429","Mexico",7.33,7,7.25,2,1500,2012,"Poor"
"430","Thailand",7.33,7.42,7.42,3,800,2012,"Poor"
"431","Brazil",7.58,7.5,7.5,2,1100,2012,"Poor"
"432","Nicaragua",7.5,7.42,7.33,3,1100,2017,"Poor"
"433","United States (Hawaii)",7.92,7.92,7.83,1,518.16,2012,"Good"
"434","Honduras",7.42,7.25,7.33,1,1350,2014,"Poor"
"435","Taiwan",7.25,7.17,7.08,0,688,2014,"Poor"
"436","United States (Hawaii)",7.83,7.75,7.83,9,518.16,2012,"Good"
"437","Brazil",7.75,7.5,7.42,2,1028.15625,2012,"Poor"
"438","Indonesia",7.5,7.5,7.42,3,1300,2017,"Poor"
"439","Guatemala",7.5,6.67,7.67,4,1417.32,2012,"Poor"
"440","Colombia",7.58,7.33,7.33,2,1300,2013,"Good"
"441","Myanmar",7.42,7,7,1,4287,2014,"Poor"
"442","Guatemala",7.67,7.75,7.83,5,1219.2,2016,"Good"
"443","Uganda",7.83,7.58,7.67,2,1745,2013,"Poor"
"444","Tanzania, United Republic Of",7.67,7.42,7.58,1,1600,2014,"Good"
"445","Brazil",8.5,8.5,8,2,1250,2011,"Good"
"446","Indonesia",7.92,7.83,7.75,7,1200,2016,"Good"
"447","Brazil",7.75,7.5,7.5,3,1000,2011,"Good"
"448","Mexico",7.08,7,7.25,11,1200,2012,"Poor"
"449","Nicaragua",7.83,7.58,7.83,2,925,2010,"Good"
"450","Colombia",7.42,7.25,7.25,3,1200,2013,"Poor"
"451","Thailand",7.5,7.25,7.75,0,1078.1151,NA,"Good"
"452","Brazil",7.75,7.58,7.42,0,1100,2015,"Poor"
"453","Mexico",7.33,7.17,6.75,6,975,2012,"Poor"
"454","United States",7.42,7.58,7.5,9,1200,2014,"Good"
"455","El Salvador",7.67,7.58,7.5,2,1250,2014,"Poor"
"456","Colombia",7.75,7.67,7.75,2,442,2016,"Good"
"457","Honduras",7.42,7.83,7.92,5,1500,2017,"Good"
"458","Colombia",7.5,7.75,7.75,0,1450,2011,"Good"
"459","Brazil",7.58,7.5,7.25,1,1028.15625,2014,"Poor"
"460","Honduras",7.42,7.33,7.58,0,1428.31818181818,2012,"Poor"
"461","Nicaragua",7.33,7.33,7.42,1,1100,2015,"Poor"
"462","United States",8,8.5,8.17,0,2080,2014,"Good"
"463","Indonesia",7.75,7.17,7.33,0,1400,2012,"Poor"
"464","Myanmar",6.92,7.5,7.58,2,3825,2015,"Poor"
"465","Peru",7,7.08,7.25,2,1200,2013,"Poor"
"466","Taiwan",7.17,7.83,7.67,0,350,2016,"Good"
"467","Brazil",7.33,7.17,7.67,3,1028.15625,NA,"Poor"
"468","Myanmar",7.17,7.33,7.42,4,3845,2015,"Poor"
"469","Kenya",7.17,7.58,7.5,3,1600,2017,"Poor"
"470","Taiwan",8,8,8.25,0,1200,2015,"Good"
"471","Mexico",7.67,7.42,7.83,0,1000,2012,"Poor"
"472","Costa Rica",8.08,7.83,7.83,10,1352.15,2012,"Good"
"473","Mexico",7.25,7.25,7.5,47,1300,2012,"Poor"
"474","United States (Hawaii)",7.92,6.83,7.42,0,518.16,NA,"Poor"
"475","Guatemala",7.67,7.67,7.58,2,1901,2017,"Poor"
"476","Costa Rica",7.67,7.75,7.75,0,1850,2014,"Good"
"477","El Salvador",7.42,7.08,7.33,6,1450,2017,"Poor"
"478","Brazil",7.25,7.58,8,0,1,2016,"Good"
"479","Colombia",7.83,7.75,7.58,0,1800,2016,"Good"
"480","Guatemala",7.5,7.58,7.58,4,2940.38423492063,2012,"Good"
"481","Brazil",7.92,7.58,7.58,4,950,2012,"Good"
"482","Mexico",7.67,7.58,7.42,4,1250,2012,"Poor"
"483","Haiti",6.75,6.58,6.67,16,350,2012,"Poor"
"484","Mexico",7.67,7.33,7.17,1,1550,2014,"Poor"
"485","Brazil",7.58,7.83,7.25,0,1260,2014,"Good"
"486","Kenya",7.92,8.17,8.5,1,1860,2013,"Good"
"487","Mexico",7.42,7.25,7.75,7,1800,2012,"Poor"
"488","Uganda",7.67,7.83,7.83,6,1100,2014,"Poor"
"489","Mexico",7.42,7.33,7.17,8,763,2012,"Poor"
"490","Mexico",7.42,7.42,7.17,5,1250,2012,"Poor"
"491","Colombia",7.83,7.75,7.58,1,1560.29133858268,2014,"Good"
"492","Guatemala",7.92,8.08,8.08,3,2940.38423492063,2016,"Good"
"493","Mexico",7.25,6.83,7.08,8,1100,2012,"Poor"
"494","Guatemala",7.58,7.58,7.58,4,2940.38423492063,2012,"Good"
"495","Brazil",7.81,7.81,7.75,4,1028.15625,NA,"Good"
"496","Brazil",7.33,7.67,7.5,2,925,2011,"Poor"
"497","Costa Rica",7.67,7.67,7.67,0,1850,2015,"Good"
"498","Brazil",7.58,7.75,7.5,2,900,2011,"Good"
"499","Nicaragua",7.42,7,7.17,0,1000,2016,"Poor"
"500","United States (Hawaii)",7.5,7.92,7.83,0,518.16,NA,"Good"
"501","Mexico",7.92,8.17,8.08,0,1400,2011,"Good"
"502","United States (Hawaii)",7.5,7.92,7.67,0,518.16,2010,"Good"
"503","Brazil",7.58,7.67,7.5,1,1000,2012,"Poor"
"504","Taiwan",7.5,7.5,7.25,0,1000,2012,"Poor"
"505","Uganda",8,7.67,7.42,0,1800,2014,"Good"
"506","El Salvador",7.58,7.5,7.58,0,1330,2016,"Good"
"507","Brazil",7.33,7.58,7.17,0,1100,2015,"Poor"
"508","United States (Hawaii)",7.58,7.08,7.17,10,518.16,2012,"Poor"
"509","Brazil",7.25,7.33,7.5,3,1250,2016,"Poor"
"510","Thailand",7.83,8.33,8.25,9,1300,2012,"Good"
"511","Guatemala",7.75,7.83,7.83,1,1219.2,2013,"Good"
"512","United States (Hawaii)",7.33,7.33,7.5,17,518.16,NA,"Poor"
"513","Guatemala",7.67,7.58,7.42,0,1219.2,2017,"Poor"
"514","Colombia",7.58,7.67,7.17,2,442,2016,"Good"
"515","Uganda",8.17,7.75,7.67,29,1700,2012,"Good"
"516","India",7.67,7.75,7.83,0,750,2014,"Good"
"517","Guatemala",7,7.5,7.17,3,2940.38423492063,2012,"Poor"
"518","Ethiopia",7.83,7.75,7.75,1,1800,2017,"Good"
"519","United States (Hawaii)",7.58,7.67,7.67,5,518.16,2013,"Poor"
"520","Ethiopia",8.08,8.58,8.5,4,1822.5,2014,"Good"
"521","Taiwan",7.5,6.92,7.33,0,1100,2014,"Poor"
"522","Colombia",7.67,7.67,7.67,3,1775,2012,"Good"
"523","Guatemala",7.5,7.42,7.83,6,1676.4,2015,"Poor"
"524","Colombia",7.58,7.5,7.58,0,1700,2011,"Poor"
"525","Colombia",7.5,7.33,7.17,0,1560.29133858268,2016,"Poor"
"526","United States (Hawaii)",7.25,7.75,7.83,0,518.16,2012,"Good"
"527","Brazil",7.42,7.33,7.5,4,1020,2017,"Poor"
"528","Colombia",7.42,7.67,7.75,0,442,2015,"Good"
"529","Papua New Guinea",8.33,8.42,8.33,1,1700,2012,"Good"
"530","Colombia",7.75,7.75,7.83,1,1750,2012,"Good"
"531","Ethiopia",8.42,8.17,8.17,1,1774.20545454545,2013,"Good"
"532","Colombia",7.5,7.42,7.5,4,1800,2013,"Good"
"533","El Salvador",7.42,7.83,8.08,3,1200,2011,"Good"
"534","Guatemala",7.5,7.17,7.5,3,1219.2,2014,"Poor"
"535","Laos",7.42,7.33,7.17,0,1300,2016,"Poor"
"537","Guatemala",6.17,6.5,7.17,5,2940.38423492063,NA,"Poor"
"538","Panama",8,8,8.08,0,1600,2017,"Good"
"539","Guatemala",8,8,8.33,1,1417.32,2012,"Good"
"540","Guatemala",7.33,7.42,7.42,0,1219.2,2017,"Poor"
"541","Colombia",7.33,7.67,7.42,1,1000,2013,"Good"
"542","Brazil",7.17,7.33,7.25,6,1200,2015,"Poor"
"543","Taiwan",7.92,7.92,7.58,0,1200,2014,"Good"
"544","Guatemala",7.67,8,8,2,2940.38423492063,2012,"Good"
"545","Colombia",7.33,7.25,7.58,1,1750,2013,"Poor"
"546","Colombia",7.67,7.75,7.67,0,1480,2014,"Good"
"547","Panama",7.42,7.42,7.58,4,1100,2012,"Good"
"548","Colombia",7.83,7.67,7.92,4,1500,2016,"Good"
"549","Brazil",7.5,7.58,7.67,5,894,2016,"Good"
"550","Guatemala",7.58,7.5,7.67,0,157.8864,2017,"Poor"
"551","United States (Hawaii)",7.25,7.42,7.58,0,518.16,2013,"Good"
"552","Honduras",7.25,7.42,7.42,0,1450,2016,"Poor"
"553","Haiti",7.58,7.5,7.5,4,1280.16,2012,"Good"
"554","Burundi",7.75,7.67,7.5,5,1880,2012,"Good"
"555","Mexico",7.08,6.83,7.42,20,900,2012,"Poor"
"556","Guatemala",7.83,7.67,7.67,3,1310.64,2013,"Good"
"557","Guatemala",7.42,7.42,7.42,1,1700,2017,"Poor"
"558","Tanzania, United Republic Of",7.42,7.33,7.42,5,1500,2014,"Poor"
"559","Colombia",7.58,7.25,7.25,1,1750,2011,"Poor"
"560","Tanzania, United Republic Of",7.33,7.33,7.42,4,1877,2014,"Poor"
"561","Mexico",7.5,7.5,7.42,1,1400,2013,"Poor"
"562","Honduras",7.58,7.5,7.33,2,1450,2016,"Poor"
"563","Indonesia",7.33,7,6.08,26,3500,2011,"Poor"
"564","Guatemala",7.67,7.67,7.67,0,1500,2012,"Good"
"565","Mexico",7,6.92,6.92,7,850,2012,"Poor"
"566","Guatemala",7.75,7.83,7.83,0,1219.2,2014,"Good"
"567","Guatemala",7.92,7.67,7.75,3,1650,2015,"Good"
"568","Haiti",7.42,7,7.25,0,1000,2012,"Poor"
"569","Taiwan",7.5,7.5,7.25,0,650,2014,"Poor"
"570","Mexico",7.08,7,7.5,7,1700,2013,"Poor"
"571","Mexico",7.5,7.58,7.5,6,1250,2012,"Good"
"572","Uganda",7.67,7.67,7.75,5,1800,2013,"Good"
"573","Ethiopia",8.42,8,8,7,1700,2014,"Good"
"574","Taiwan",7.83,7.67,7.67,0,650,2016,"Good"
"575","Mexico",7.58,7.58,7.58,2,1100,2012,"Good"
"576","Uganda",7.58,7.92,7.83,1,1095,2014,"Poor"
"577","Indonesia",7.58,7.42,7.67,1,1350,2015,"Poor"
"578","Guatemala",7.42,7.58,7.67,1,1219.2,2017,"Good"
"579","Myanmar",7.33,7.58,7.42,2,4001,2015,"Poor"
"580","Brazil",7,7,7,55,1028.15625,NA,"Poor"
"581","Guatemala",7.33,7.33,7.5,4,1310.64,2013,"Poor"
"582","Kenya",7.92,7.83,7.92,0,1800,2014,"Good"
"583","Colombia",7.67,7.42,7.42,3,1550,2014,"Good"
"584","Colombia",7.67,7.83,7.75,3,1550,2014,"Good"
"585","Mexico",7.25,6.83,7.08,7,1100,2012,"Poor"
"586","Colombia",7.5,7.75,7.75,4,1625,2015,"Good"
"587","Brazil",7.42,7.42,7.33,10,1250,2013,"Poor"
"588","Mexico",7.25,7.67,7.67,13,1650,2012,"Poor"
"589","Brazil",7.67,7.83,7.67,2,890,2018,"Good"
"590","Vietnam",7.42,7.25,7.58,2,1550,2017,"Poor"
"591","Brazil",6.83,7,7.08,4,1028.15625,NA,"Poor"
"592","Mexico",7.67,7.17,7.33,0,1350,2012,"Poor"
"593","Tanzania, United Republic Of",7.83,7.67,7.83,7,1620,2014,"Good"
"594","Taiwan",7.42,7.58,7.42,0,650,2012,"Poor"
"595","Peru",7.83,7.75,7.83,5,1200,2013,"Good"
"596","Brazil",7.5,7.5,7.5,4,890,2018,"Good"
"597","Uganda",7.33,6.92,7.33,3,1700,2013,"Poor"
"598","Guatemala",7.67,7.75,7.83,2,1500,2014,"Good"
"599","Brazil",7.42,7.42,7.42,3,1028.15625,2013,"Poor"
"600","Colombia",7.75,7.58,7.75,5,1799,2016,"Good"
"601","Taiwan",7,7.08,7.17,0,729.983333333333,NA,"Poor"
"602","Guatemala",7.5,7.42,7.25,0,2940.38423492063,2017,"Poor"
"603","Colombia",8,7.92,7.92,3,1560.29133858268,2016,"Good"
"604","Ethiopia",7.75,7.75,7.58,40,1550,2013,"Good"
"605","Guatemala",7.67,7.75,7.92,3,1550,2015,"Good"
"606","Honduras",7.58,7.58,7.5,4,1400,2017,"Good"
"607","Colombia",7.75,7.92,7.75,3,1775,2012,"Good"
"608","Mexico",7.58,7.42,7.75,1,1250,2012,"Poor"
"609","Mexico",7.67,7.83,7.58,7,1200,2012,"Good"
"610","Mexico",7.5,7.42,7.5,8,690,2012,"Poor"
"611","Uganda",7.67,7.67,7.58,8,1645,2015,"Good"
"612","Uganda",7.75,7.42,7.58,1,1200,2013,"Poor"
"613","Taiwan",7.42,7.25,7.17,0,850,2014,"Poor"
"614","Taiwan",6.92,7,7,1,700,2014,"Poor"
"615","Mexico",7.67,7.58,7.75,4,1300,2012,"Good"
"616","Taiwan",7.58,7.17,7.17,0,600,2014,"Poor"
"617","Mexico",7.08,7.33,7.33,12,1100,2012,"Poor"
"618","Colombia",7.67,7.67,7.92,5,1775,2014,"Good"
"619","Brazil",7.58,7.5,7.75,4,975,2011,"Good"
"620","Myanmar",7.17,7.33,7.42,2,3800,2015,"Poor"
"621","Honduras",7.5,7.5,7.5,1,1600,2017,"Poor"
"622","Honduras",7.67,7.5,7.42,2,1350,2015,"Poor"
"623","China",7.75,7.92,7.83,1,1680,2015,"Good"
"624","Brazil",8.17,7.67,7.75,0,1028.15625,NA,"Good"
"625","Colombia",7.92,7.75,7.75,2,1775,2014,"Good"
"626","Mexico",7.67,7.5,7.33,11,1100,2012,"Good"
"627","Indonesia",7.83,7.58,7.33,6,1250,2015,"Good"
"628","Colombia",7.58,7.58,7.75,1,1813,2015,"Good"
"629","Colombia",7.92,7.83,8,5,1560.29133858268,2016,"Good"
"630","United States (Hawaii)",7.83,7.83,8,1,518.16,2012,"Poor"
"631","Colombia",7.58,7.75,7.58,3,1560.29133858268,2014,"Good"
"632","Guatemala",7,6.83,7.17,9,1310.64,2013,"Poor"
"633","Mexico",7.33,7,7,5,1500,2012,"Poor"
"634","United States (Hawaii)",8.08,8.17,8,7,518.16,NA,"Good"
"635","Colombia",7.75,7.92,8.08,1,1200,2013,"Good"
"636","Taiwan",7.5,7.42,7.08,2,180,2015,"Poor"
"637","Ethiopia",8.67,8.67,8.42,0,1635,2010,"Good"
"638","Taiwan",7.25,7.25,7.25,0,200,2014,"Poor"
"639","El Salvador",7.83,7.83,8,2,1350,2016,"Good"
"640","Costa Rica",7.58,7.83,8,3,1300,2016,"Good"
"641","Guatemala",7.67,7.58,7.67,0,1700,2016,"Poor"
"642","Guatemala",7.75,7.75,7.75,6,1500,2016,"Good"
"643","Mexico",7.58,7.33,7.33,17,1100,2017,"Poor"
"644","Tanzania, United Republic Of",7.83,7.75,7.75,2,1600,2014,"Good"
"645","Honduras",7,6.33,6.5,4,1450,2014,"Poor"
"646","Honduras",7.5,7.5,7.5,1,1400,2015,"Poor"
"647","United States",7.92,7.5,7.42,0,3000,2012,"Poor"
"648","Colombia",7.67,7.42,7.5,9,1775,2013,"Poor"
"649","Colombia",7.67,7.5,7.42,4,1530,2015,"Good"
"650","Colombia",8.08,7.67,7.33,3,1800,2010,"Good"
"651","Uganda",7.75,7.58,7.5,4,1400,2013,"Good"
"652","Colombia",7.92,7.75,7.42,0,1700,2011,"Good"
"653","Mexico",7.42,7.25,7.42,10,1100,2012,"Poor"
"654","Colombia",7.75,7.5,7.25,3,1750,2012,"Good"
"655","Burundi",7.08,7.25,7.33,0,1700,2016,"Poor"
"656","Indonesia",6.92,6.83,6.92,1,1300,2016,"Poor"
"657","Colombia",7.92,7.83,7.83,1,1775,2015,"Good"
"658","Mexico",7.5,7.58,7.5,10,1679,2012,"Good"
"659","Guatemala",7,7.33,7.33,2,2940.38423492063,2012,"Poor"
"660","United States (Hawaii)",7.5,7.58,7.58,1,518.16,NA,"Good"
"661","Mexico",7.5,7.5,7.42,9,774,2012,"Poor"
"662","Colombia",7.83,7.75,7.25,3,1880,2010,"Good"
"663","Uganda",7.67,7.5,7.67,0,1650,2013,"Good"
"664","Honduras",7.42,7.17,7.42,2,1350,2015,"Poor"
"665","United States (Hawaii)",7.42,7.58,7.92,0,518.16,NA,"Poor"
"666","Guatemala",7.25,7.75,7.75,2,1350,2012,"Poor"
"667","United States",8.25,8.33,8.17,0,2112,2014,"Good"
"668","Colombia",7.67,7.75,7.83,1,1650,2015,"Good"
"669","Mexico",7.58,7.75,7.67,10,1089,2012,"Good"
"670","India",8,7.75,8,2,3170,2017,"Good"
"671","Mexico",7.67,7.33,7.5,1,940,2012,"Poor"
"672","Brazil",7.5,7.58,7.67,3,934,2016,"Good"
"673","Uganda",7.5,7.67,7.42,1,1599,2015,"Good"
"674","United States (Hawaii)",7.17,7.17,7.58,17,518.16,2012,"Poor"
"675","Brazil",7.25,7.33,7.5,0,1260,2014,"Poor"
"676","Taiwan",7.75,7.67,7.75,0,1200,2016,"Good"
"677","Tanzania, United Republic Of",7.67,7.5,7.25,5,1400,2012,"Good"
"678","Costa Rica",8.08,7.75,7.83,2,1150,2015,"Good"
"679","Vietnam",6.75,6.67,6.83,9,1346,2013,"Poor"
"680","Taiwan",8,7.83,7.42,0,1200,2014,"Good"
"681","Guatemala",7.58,7.67,7.58,3,1524,2014,"Poor"
"682","Mexico",7.58,7.67,7.67,8,1100,2012,"Poor"
"683","Mexico",7.58,7.58,7.17,8,533,2012,"Poor"
"684","Mexico",7.58,7.42,7.58,2,1400,2012,"Poor"
"685","Colombia",7.58,7.5,7.58,0,1750,2013,"Good"
"686","Colombia",7.33,7.58,7.42,0,3850,2011,"Good"
"687","India",8,7.92,8,0,3000,2012,"Good"
"688","Mexico",8.08,8.17,8,4,1200,2012,"Good"
"689","Costa Rica",7.33,7.67,7.5,1,1350,NA,"Good"
"690","Colombia",7.08,7.25,7.5,2,1560.29133858268,NA,"Poor"
"691","Nicaragua",7.58,7.83,7.92,0,7488.97058823529,NA,"Good"
"692","Tanzania, United Republic Of",7.67,7.58,7.67,3,168,2016,"Good"
"693","Guatemala",7.83,7.75,7.92,2,1706.88,2013,"Good"
"694","Honduras",7.5,7.5,7.42,2,1500,2015,"Poor"
"695","Guatemala",7.58,7.58,7.67,2,1219.2,2015,"Good"
"696","Brazil",8,8,8,2,1000,2011,"Good"
"697","China",7.5,7.67,7.67,2,1500,2015,"Good"
"698","Brazil",7.33,7.83,7.5,6,1028.15625,2014,"Good"
"699","Ethiopia",7.42,7.42,7.92,2,1774.20545454545,2010,"Poor"
"700","Colombia",7.75,7.58,7.58,0,1550,2014,"Good"
"701","Kenya",7.75,7.75,8.08,0,1537.475,2013,"Good"
"702","Kenya",7.92,7.92,8.08,3,1900,2014,"Good"
"703","Mexico",7.25,7.17,7.33,2,1600,2016,"Poor"
"704","Honduras",6.67,6.5,6.67,4,1450,2014,"Poor"
"705","Colombia",7.92,7.83,7.67,1,1560.29133858268,NA,"Good"
"706","Guatemala",7.5,7.25,7.25,1,1219.2,2015,"Poor"
"707","United States (Hawaii)",7.67,7.58,7.83,0,518.16,2013,"Good"
"708","Mexico",7.67,7.58,7.5,13,1250,2012,"Poor"
"709","United States (Hawaii)",7.33,7.75,7.33,8,518.16,2013,"Good"
"710","Tanzania, United Republic Of",7.42,7.5,7.33,3,1600,2014,"Poor"
"711","Ethiopia",7.5,7.92,7.83,5,1606.5,2014,"Good"
"712","Costa Rica",7.58,7.75,7.75,13,1352.15,2017,"Good"
"713","El Salvador",7.5,7.5,7.58,1,1350,2017,"Good"
"714","Thailand",7.67,7.58,7.33,0,1078.1151,NA,"Poor"
"715","Mexico",7.25,7.08,7.17,17,1300,2012,"Poor"
"716","Guatemala",7.08,7.33,7.58,2,1219.2,2013,"Poor"
"717","Ethiopia",7.42,7.33,7.33,1,1774.20545454545,2016,"Poor"
"718","Thailand",7.67,7.58,7.75,0,800,2014,"Good"
"719","Indonesia",7.17,7.42,7.42,0,1522.91666666667,2013,"Poor"
"720","Mexico",7.75,7.67,7.42,8,1300,2015,"Good"
"721","Mexico",7.5,7.42,7.33,1,1650,2012,"Poor"
"722","Guatemala",7.67,7.17,7.5,5,1550,2013,"Poor"
"723","Guatemala",7.5,7.58,7.67,2,1700,2017,"Good"
"724","Japan",7.75,7.75,7.42,0,170,NA,"Good"
"725","Honduras",7.42,7.33,7.42,1,1450,2015,"Poor"
"726","Brazil",7.17,7.33,7.08,1,995,2018,"Poor"
"727","Ethiopia",8.25,8.5,8.5,2,2075,2014,"Good"
"728","Brazil",7.58,7.5,7.5,2,950,2012,"Poor"
"729","Guatemala",6.67,6.5,7,10,2940.38423492063,2012,"Poor"
"730","Mexico",7.25,7.25,7.17,9,1250,2012,"Poor"
"731","Guatemala",7.5,7,7.5,8,1310.64,2012,"Poor"
"732","Guatemala",7.67,7.83,7.5,2,1500,2014,"Good"
"733","Myanmar",7.17,7.42,7.58,5,1066.8,2015,"Poor"
"734","India",7.92,7.83,8,0,1000,2015,"Good"
"735","Mexico",7.33,7.5,7.5,0,1600,2012,"Poor"
"736","Colombia",7.33,7.33,6.83,1,1800,2010,"Poor"
"737","Colombia",7.75,7.58,7.5,0,1650,2014,"Good"
"738","Mexico",7.25,7.25,7.33,1,1450,2012,"Poor"
"739","Brazil",7.58,7.67,7.5,4,1028.15625,2016,"Good"
"740","Kenya",7,7.08,7.17,5,1500,2017,"Poor"
"741","Peru",7.67,7.83,7.75,3,1200,NA,"Good"
"742","Mexico",7.5,7.58,7.58,0,950,2012,"Good"
"743","Colombia",8.17,7.92,8,0,1550,2015,"Good"
"744","Taiwan",7.33,7.17,7.33,0,200,2017,"Poor"
"745","Mexico",7.75,7.75,7.58,13,1200,2014,"Good"
"746","Guatemala",7.67,8.17,7.42,13,1310.64,2012,"Good"
"747","Mexico",7.33,7.08,7.33,4,1300,2013,"Poor"
"748","Taiwan",7.5,7.67,7.92,0,1200,2015,"Good"
"749","Mexico",7.83,7.58,7.5,5,700,2012,"Good"
"750","Costa Rica",7.33,7.08,7.25,3,1300,2014,"Poor"
"751","Ethiopia",7.5,7.75,7.92,2,1774.20545454545,NA,"Good"
"752","Colombia",7.58,7.75,7.83,5,1560.29133858268,2016,"Good"
"753","Honduras",7.92,8,7.67,3,1500,2016,"Good"
"754","Guatemala",7.08,7,7.42,6,1320,2016,"Poor"
"755","Guatemala",7.67,7.5,7.67,3,1752.6,2012,"Poor"
"756","Brazil",7.42,7.42,7.5,14,1028.15625,NA,"Poor"
"757","Brazil",7.67,7.75,7.67,16,1150,2015,"Good"
"758","Brazil",7.33,7.5,7.33,2,1100,2016,"Poor"
"759","Guatemala",8.17,7.83,7.83,2,1310.64,2013,"Good"
"760","Costa Rica",7.83,8,7.92,1,1900,2016,"Good"
"761","Nicaragua",7.17,7,7,4,1100,2016,"Poor"
"762","Mexico",7.83,7.58,7.92,3,1200,2012,"Good"
"763","Nicaragua",7.25,7.17,7.25,4,7488.97058823529,2013,"Poor"
"764","Colombia",7.67,7.5,5.25,4,1600,2016,"Poor"
"765","Peru",8.42,8.5,8.5,0,1200,2012,"Good"
"766","Colombia",7.58,7.67,7.58,0,1750,2012,"Good"
"767","Taiwan",7.83,7.75,7.75,3,1200,2015,"Good"
"768","United States (Hawaii)",7.83,7.83,7.83,0,518.16,NA,"Good"
"769","Mexico",8,7.75,7.33,0,1300,2012,"Poor"
"770","Guatemala",7,7.17,7.33,12,1400,2012,"Poor"
"771","Guatemala",8.42,8.5,8.42,0,1700,NA,"Good"
"772","United States (Hawaii)",7.33,7.92,7.92,1,518.16,2012,"Good"
"773","Guatemala",7.42,7.42,7.5,4,1500,2014,"Poor"
"774","Ethiopia",7.42,7.92,8,4,1750,2010,"Good"
"775","Mexico",7.67,7.5,7.5,9,1400,2013,"Poor"
"776","Kenya",7.75,7.58,7.58,3,1754,2017,"Good"
"777","Mexico",7.08,6.83,7,14,1400,2012,"Poor"
"778","Colombia",7.67,7.58,7.58,4,2136,2012,"Good"
"779","Guatemala",7.17,7.17,7.17,4,1310.64,2012,"Poor"
"780","Colombia",7.67,7.33,7.42,2,442,2012,"Poor"
"781","Taiwan",7.5,7.5,7.5,0,600,2014,"Poor"
"782","Kenya",8,7.92,8.08,6,1200,2012,"Good"
"783","Taiwan",7.42,7.42,7.67,0,800,2016,"Poor"
"784","Uganda",8.33,7.92,7.92,1,1600,2013,"Good"
"785","Brazil",7.17,7.42,7.08,1,1,2016,"Poor"
"786","United States (Puerto Rico)",7.67,7.5,7.83,0,853.44,2013,"Good"
"787","Brazil",7.25,7.25,7.5,9,1028.15625,NA,"Poor"
"788","Mexico",7.67,7.58,7.75,7,1250,2012,"Good"
"789","Mexico",7.67,7.58,7.5,20,750,2012,"Good"
"790","Guatemala",7.83,7.83,7.92,1,1219.2,2014,"Good"
"791","Mexico",7.5,7.42,7.67,5,1560,2013,"Poor"
"792","Guatemala",8.25,8,7.92,7,1400,2012,"Good"
"793","Tanzania, United Republic Of",7.75,7.67,7.67,4,1600,2014,"Good"
"794","Guatemala",7.58,7.42,7.5,5,1524,2014,"Poor"
"795","Peru",7.42,7.42,7.33,5,1200,2013,"Poor"
"796","Mexico",7.67,7.83,7.83,0,1600,2017,"Good"
"797","Brazil",7.5,7.33,7.58,3,890,2018,"Poor"
"798","United States (Puerto Rico)",7.67,7.75,7.58,0,853.44,2013,"Poor"
"799","United States (Hawaii)",7.92,7.5,7.83,4,518.16,2012,"Good"
"800","Guatemala",7.75,7.5,7.58,1,1500,2014,"Good"
"801","Guatemala",7.17,6.17,7.08,7,2940.38423492063,2012,"Poor"
"802","Guatemala",7.75,7.92,7.92,10,1565,2016,"Good"
"803","Mexico",7.75,7.58,7.25,10,1200,2015,"Poor"
"804","Guatemala",7.42,7.33,7.42,4,1310.64,2013,"Poor"
"805","Tanzania, United Republic Of",7.58,7.5,7.75,1,1800,2014,"Good"
"806","Mexico",7.17,6.58,7,14,1100,2012,"Poor"
"807","Mexico",7.33,7.25,7.33,3,1100,2012,"Poor"
"808","Taiwan",7.08,6.83,7.25,0,850,2014,"Poor"
"809","United States",8,8.25,8.5,0,2019,2014,"Good"
"810","Mexico",7.33,7,7.08,8,1300,2013,"Poor"
"811","Brazil",7.58,7.42,7.25,8,695,2016,"Poor"
"812","Mexico",7.25,6.75,6.92,0,1600,2014,"Poor"
"813","Brazil",7.75,7.58,7.67,4,1250,2014,"Good"
"814","Mexico",7.5,7.75,7.58,5,1380,2012,"Good"
"815","Mexico",7.42,7.42,7.5,0,1550,2014,"Poor"
"816","Laos",7.67,7.67,7.42,0,1300,2015,"Good"
"817","Colombia",7.67,7.83,7.75,1,1700,2013,"Good"
"818","United States (Hawaii)",7.17,7.5,7.33,7,518.16,2012,"Poor"
"819","Guatemala",7.58,7.83,8,1,1219.2,2014,"Good"
"820","Uganda",7.33,7.58,7.75,1,1600,2013,"Poor"
"821","Ethiopia",7.67,7.75,7.58,18,1600,2014,"Good"
"822","Taiwan",7.75,7.75,7.75,0,729.983333333333,2014,"Good"
"823","United States (Hawaii)",7.58,7.75,8,4,518.16,2012,"Good"
"824","Mexico",6.67,6.33,6.83,0,1200,2010,"Poor"
"825","Guatemala",7.83,7.5,8,5,1524,2012,"Good"
"826","Guatemala",7.5,7.5,7.67,1,1859.28,2013,"Poor"
"827","Nicaragua",7.58,7.5,7.25,1,7488.97058823529,NA,"Poor"
"828","Costa Rica",8,7.58,7.67,2,1300,2014,"Good"
"829","Uganda",7.92,7.75,7.75,1,1750,2016,"Good"
"830","Ethiopia",7.25,7.25,7.33,1,1774.20545454545,2010,"Poor"
"831","Brazil",7.58,7.5,7.67,1,1200,2014,"Poor"
"832","Guatemala",7.58,7.5,7.42,6,3280,2015,"Poor"
"833","Guatemala",7.58,7.83,7.83,2,3280,2016,"Good"
"834","Taiwan",7.5,7.08,7.17,4,650,2016,"Poor"
"835","Colombia",7.83,7.5,7.33,0,1750,2013,"Good"
"836","China",7.67,7.58,7.58,4,1100,2015,"Good"
"837","Taiwan",7.08,7.08,7,0,600,2013,"Poor"
"838","El Salvador",7.75,7.33,7.5,5,1317.5,2012,"Poor"
"839","Brazil",7.58,7.75,7.75,3,934,2016,"Good"
"840","Mexico",7.58,7.33,7.25,2,1200,2012,"Poor"
"841","Guatemala",7.83,7.67,7.67,2,1500,2015,"Good"
"842","Colombia",7.67,7.67,7.75,3,1775,2015,"Good"
"843","United States (Hawaii)",7.67,7.75,7.75,15,518.16,2012,"Good"
"844","Tanzania, United Republic Of",7.42,7.33,7.42,0,1500,2014,"Poor"
"845","Guatemala",7.67,7.67,7.5,10,1310.64,2012,"Good"
"846","Ethiopia",8.17,8.33,8.33,2,1774.20545454545,NA,"Good"
"847","Guatemala",7.67,7.5,7.67,2,1450,2016,"Poor"
"848","Mexico",7.5,7.17,7.5,17,1550,2012,"Poor"
"849","Kenya",7.75,7.58,7.58,2,1800,NA,"Good"
"850","Ethiopia",7.75,8,8,8,1774.20545454545,2016,"Good"
"851","United States (Hawaii)",7.83,7.58,7.67,1,518.16,2014,"Good"
"852","Colombia",7.83,7.5,7.33,1,1750,2013,"Good"
"853","United States (Hawaii)",7.33,7.42,7.75,3,518.16,2012,"Good"
"854","Nicaragua",7.92,8.25,8.33,2,7488.97058823529,NA,"Good"
"855","Mexico",7.5,7.33,7.42,11,1100,2017,"Poor"
"856","Mexico",7.92,7.5,7.58,2,1650,2012,"Good"
"857","Guatemala",7.75,7.83,7.83,1,1700,2017,"Good"
"858","Guatemala",7,6.83,7.17,2,1310.64,2013,"Poor"
"859","Tanzania, United Republic Of",7.67,7.17,7.33,2,1050,2016,"Poor"
"860","Ethiopia",7.75,7.92,7.92,2,1750,2010,"Good"
"861","Mexico",7.33,7.58,7.67,0,1100,2012,"Poor"
"862","Guatemala",7.67,7.33,7.33,5,2940.38423492063,2012,"Good"
"863","Mexico",7.75,7.58,7.17,4,940,2012,"Poor"
"864","Tanzania, United Republic Of",7.92,7.75,7.75,0,1400,2014,"Good"
"865","Colombia",7.67,7.67,7.5,0,1775,2011,"Good"
"866","Guatemala",7.58,7.75,8,10,1550,2014,"Good"
"867","Mexico",7.58,7.75,7.5,6,1300,2013,"Good"
"868","Myanmar",7.25,7.42,7.5,4,1219.2,2015,"Poor"
"869","Costa Rica",7.83,7.33,7.67,3,1300,2014,"Good"
"870","El Salvador",7.75,8,8.33,3,1200,2011,"Good"
"871","Colombia",7.58,7.75,7.67,1,1750,2013,"Good"
"872","Mexico",7.33,7.25,7.08,22,1050,2012,"Poor"
"873","United States (Hawaii)",7.67,7.58,7.67,4,518.16,2012,"Good"
"874","Tanzania, United Republic Of",7.33,7.17,7.5,5,1700,2014,"Poor"
"875","Honduras",7.42,7.67,7.58,6,1500,2017,"Poor"
"876","Malawi",7.58,7.42,7.42,0,1180,2014,"Poor"
"877","Mexico",7.5,7.58,7.92,0,1170,2013,"Poor"
"878","Guatemala",6.42,6.5,7.33,4,2940.38423492063,2012,"Poor"
"879","Guatemala",7.58,7.33,7.33,4,2940.38423492063,2012,"Poor"
"880","United States (Hawaii)",7.5,7.08,7.67,13,518.16,2014,"Poor"
"881","Honduras",7.33,7.33,7.5,5,1400,2014,"Poor"
"882","Colombia",7.75,7.5,7.5,0,1750,2013,"Good"
"883","Guatemala",7.58,7.58,7.67,1,1901,2017,"Good"
"884","Brazil",7.42,7.5,7.5,1,1050,2012,"Poor"
"885","El Salvador",7.58,7.67,7.67,0,1500,2014,"Poor"
"886","Guatemala",7.42,7.5,7.42,6,1550,2014,"Poor"
"887","Uganda",8.42,8.17,8.17,1,1950,2013,"Good"
"888","Mexico",6.92,6.92,6.92,24,800,2012,"Poor"
"889","Mexico",7.17,6.92,6.83,20,1200,2012,"Poor"
"890","Kenya",7.92,7.83,8,0,2000,2012,"Good"
"891","United States (Hawaii)",7.25,7.58,7.25,0,518.16,2012,"Poor"
"892","Guatemala",7.83,7.58,7.83,9,1310.64,2012,"Good"
"893","Colombia",7.67,7.42,7.58,0,165,2014,"Good"
"894","United States (Hawaii)",8.33,8.17,8,0,426.72,2010,"Good"
"895","Guatemala",7.67,7.83,7.67,2,1310.64,2013,"Good"
"896","United States (Hawaii)",7.5,7.42,7.42,0,518.16,NA,"Poor"
"897","Mexico",7.58,7.08,7,4,1400,2013,"Poor"
"898","United States (Hawaii)",7.75,7.92,7.75,1,518.16,NA,"Good"
"899","Thailand",7.75,7.33,7.67,0,800,2014,"Good"
"900","Mexico",7.17,7.08,7.08,3,1100,2012,"Poor"
"901","Ethiopia",8.25,8.33,8.42,0,1635,2010,"Good"
"902","Malawi",7.75,7.58,7.5,0,1442,2014,"Good"
"903","Guatemala",7.75,7.67,7.75,2,1371.6,2015,"Good"
"904","Mexico",7.42,7.33,7.42,0,1100,2013,"Poor"
"905","Colombia",7.75,7.75,7.58,4,1560.29133858268,2016,"Good"
"906","Costa Rica",7.58,7.5,7.67,1,1850,2016,"Good"
"907","Colombia",7.75,7.58,7.25,3,1800,2012,"Good"
"908","Honduras",7.25,7.67,7.17,2,1428.31818181818,2012,"Poor"
"909","Costa Rica",7.83,7.5,7.67,4,185,2015,"Poor"
"910","Costa Rica",7.42,7.25,7.25,0,1500,2014,"Poor"
"911","El Salvador",7.67,7.67,7.67,7,1200,2016,"Good"
"912","Colombia",7.83,8,7.75,8,2136,2012,"Good"
"913","Kenya",8,7.67,8.17,9,1537.475,NA,"Good"
"914","Colombia",7.33,7.58,7.58,2,1750,2011,"Poor"
"915","Brazil",8.17,8,7.75,4,1275,2011,"Good"
"916","China",7.67,7.42,7.5,0,1600,2015,"Poor"
"917","Haiti",6.92,6.75,7.17,0,1020,2010,"Poor"
"918","Colombia",8,7.67,7.25,1,1880,2010,"Good"
"919","Guatemala",7.5,7.83,7.83,3,1310.64,2013,"Good"
"920","Mexico",7.92,7.83,7.75,4,1500,2012,"Good"
"921","Colombia",7.67,7.5,7.5,2,1775,2012,"Good"
"922","Taiwan",7.5,7.5,7.25,0,150,2014,"Poor"
"923","India",7.67,7.75,7.83,0,1000,2015,"Good"
"924","Colombia",7.92,7.67,7.83,0,1560.29133858268,2015,"Good"
"925","Mexico",7.08,6.83,7.25,3,1050,2012,"Poor"
"926","Colombia",7.75,7.5,7.58,9,1560.29133858268,2015,"Good"
"927","Costa Rica",7.92,7.67,7.75,2,1200,2018,"Good"
"928","Mexico",7.58,7.33,7.58,0,1150,2012,"Poor"
"929","Thailand",7.33,7.33,7.5,0,1078.1151,2011,"Poor"
"930","United States (Hawaii)",7.5,7.5,7.58,8,518.16,2014,"Poor"
"931","Guatemala",7.83,8.08,8,1,1325.88,2010,"Good"
"932","Mexico",7.25,6.92,7.33,5,1550,2012,"Poor"
"933","Costa Rica",7.58,7.5,7.92,4,1850,2016,"Good"
"934","Costa Rica",7.83,7.42,7.83,3,1300,2013,"Good"
"935","Guatemala",7.5,7.67,7.67,1,1500,2014,"Good"
"936","Guatemala",7.83,7.42,7.67,4,1310.64,2013,"Good"
"937","India",7.58,7.42,7.83,0,750,2013,"Poor"
"938","Honduras",7.25,7.25,7,4,1400,2016,"Poor"
"939","China",8,8,7.83,0,1700,2015,"Good"
"940","Brazil",7.17,7.42,7.25,0,1100,2015,"Poor"
"941","China",7.33,7.17,7.08,28,1200,2013,"Poor"
"942","Honduras",7.58,7.5,7.58,6,1400,2017,"Good"
"943","Laos",7.42,7.5,7.33,0,1250,2015,"Poor"
"944","Cote d?Ivoire",7.42,7.25,7,2,200,2016,"Poor"
"945","Mexico",7.25,7.17,7.08,0,1450,2012,"Poor"
"946","United States (Hawaii)",7.83,7.67,7.67,0,518.16,NA,"Good"
"947","Zambia",7.67,7.08,7.33,3,1250,2014,"Poor"
"948","Brazil",8,8,7.83,3,1100,2012,"Good"
"949","Guatemala",7.58,7.67,7.58,8,1800,2017,"Good"
"950","Thailand",7.08,7.33,7.58,0,1499.9208,2011,"Poor"
"951","Brazil",7.67,7.67,7.5,0,1000,2014,"Good"
"952","Mexico",7,7,7.33,23,950,2012,"Poor"
"953","Thailand",7.92,8.17,8.42,0,1078.1151,2012,"Good"
"954","Brazil",7.92,7.5,7.67,0,1260,2014,"Good"
"955","Colombia",7.67,7.58,7.83,1,1750,2013,"Good"
"956","Mexico",7.75,7.5,7.75,5,700,2012,"Good"
"957","Brazil",7.33,7.67,7.17,0,1038.5,2012,"Poor"
"958","Ecuador",7.5,7.67,7.75,0,800,2013,"Good"
"959","Mexico",7.17,7.33,7.58,0,1250,2012,"Poor"
"960","Taiwan",7.67,7.5,7.17,0,800,2012,"Poor"
"961","Colombia",7.58,7.5,7.33,2,1900,2013,"Good"
"962","Guatemala",7.75,7.92,8.08,1,1099.4136,2015,"Good"
"963","Guatemala",7.83,7.67,7.33,1,1310.64,2013,"Poor"
"964","India",7.75,7.75,7.67,0,1000,2015,"Poor"
"965","Mexico",7.25,7.17,6.83,3,1200,2012,"Poor"
"966","Colombia",7.75,7.42,7.5,1,1775,2013,"Good"
"967","Mexico",7.67,7.75,7.75,10,1480,2012,"Good"
"968","Colombia",7.67,7.75,7.67,3,1775,2015,"Good"
"969","Mexico",7.17,6.75,6.75,3,1300,2012,"Poor"
"970","Mexico",7.33,7.25,7.42,2,1300,2012,"Poor"
"971","Guatemala",7.67,7.75,7.75,3,1500,2016,"Good"
"972","Mexico",7.67,7,7.58,19,1250,2012,"Poor"
"973","Colombia",7.83,7.58,7.58,2,1560.29133858268,2016,"Good"
"974","Tanzania, United Republic Of",7.58,7.67,7.58,6,1653,2014,"Good"
"975","Kenya",7.67,7.83,7.75,2,1200,2012,"Good"
"976","Thailand",7.5,7.83,7.75,0,800,2014,"Good"
"977","Mexico",7.42,7.5,7.58,1,1100,2012,"Poor"
"978","Mexico",7.75,7.67,7.75,0,1400,2012,"Good"
"979","Colombia",7.83,7.83,7.58,1,442,2017,"Good"
"980","Colombia",7.17,7.25,7.25,2,1560.29133858268,NA,"Poor"
"981","Vietnam",7.25,7.58,7.42,0,1040,2014,"Good"
"982","Uganda",7.83,8.08,7.92,2,1488,2013,"Good"
"983","Costa Rica",7.92,7.75,7.67,2,1700,2016,"Good"
"984","Costa Rica",7.75,7.5,7.25,3,1850,2015,"Poor"
"985","Nicaragua",7.67,7.75,7.67,3,1250,2016,"Good"
"986","Colombia",7.58,7.5,7.67,4,1775,2014,"Good"
"987","Colombia",7.33,7.33,7.5,1,1900,2013,"Poor"
"988","Mexico",7.17,7.25,7.17,0,1200,2012,"Poor"
"989","Kenya",8.08,7.67,7.58,0,1700,2017,"Good"
"990","China",7.5,7.58,7.5,2,1580,2015,"Poor"
"991","Taiwan",8,7.92,7.92,0,950,2014,"Good"
"992","United States",8.08,8.67,8.42,0,1943,2014,"Good"
"993","Ethiopia",8.17,8.17,8.17,8,1850,2014,"Good"
"994","Mexico",7.42,7.58,7.33,7,1300,2012,"Poor"
"995","United States (Hawaii)",7.33,7.5,7.58,2,518.16,2012,"Poor"
"996","Nicaragua",6.83,7.17,6.92,0,1250,2014,"Poor"
"997","Guatemala",7.33,7.33,7.5,3,2940.38423492063,2012,"Poor"
"998","Taiwan",7.83,7.83,8,0,1200,2012,"Good"
"999","Nicaragua",7.17,7.08,7.33,2,1187.5,2015,"Poor"
"1000","Colombia",7.5,7.42,7.33,2,1560.29133858268,NA,"Good"
"1001","Mexico",7.75,7.67,7.75,1,1400,2012,"Good"
"1002","Honduras",7,7,7,12,1350,2014,"Poor"
"1003","Guatemala",7.67,7.67,7.67,3,1310.64,2013,"Good"
"1004","Costa Rica",7.67,7.67,7.67,3,1300,2014,"Good"
"1005","Mexico",7.67,7.25,7.75,4,1400,2012,"Poor"
"1006","Costa Rica",6.33,6.5,6.83,7,1200,2014,"Poor"
"1007","Colombia",7.67,7.42,7.33,5,1600,2011,"Poor"
"1008","Colombia",7.5,7.75,7.5,2,1450,2012,"Good"
"1009","Brazil",7.75,7.75,7.42,0,1250,2012,"Poor"
"1010","Mexico",7.17,6.92,7.08,34,1450,2012,"Poor"
"1011","Taiwan",7.92,7.83,7.58,0,800,2014,"Good"
"1012","Taiwan",7.83,7.75,7.83,0,680,2015,"Poor"
"1013","Brazil",7.25,7.33,7.25,8,1200,2015,"Poor"
"1014","Uganda",8.08,8.08,7.92,0,1599,2014,"Good"
"1015","Tanzania, United Republic Of",7.75,7.67,7.67,21,1400,2015,"Good"
"1016","Guatemala",7.75,7.58,7.67,14,1600,NA,"Good"
"1017","Kenya",7.75,7.92,8,0,2000,2012,"Good"
"1018","Brazil",7.67,7.67,7.5,1,1200,2015,"Good"
"1019","Costa Rica",7.67,7.58,7.58,3,1200,2013,"Good"
"1020","Colombia",7.83,7.5,7.5,3,442,2018,"Good"
"1021","Guatemala",7.67,7.75,7.75,0,2940.38423492063,2013,"Good"
"1022","Guatemala",7.5,7.5,7.5,12,1402.08,2012,"Good"
"1023","Guatemala",7.5,7.5,7.58,1,1219.2,2017,"Good"
"1024","United States (Hawaii)",8.33,8.42,8.25,2,609.6,2010,"Good"
"1025","Brazil",7.5,7.5,7.5,1,905,2015,"Good"
"1026","China",7.67,7.5,7.33,0,1100,2015,"Good"
"1027","Brazil",7.5,7.67,7.67,3,872,2016,"Good"
"1028","Colombia",7.58,7.75,7.67,2,1000,2013,"Good"
"1029","Tanzania, United Republic Of",7.5,7.5,7.5,0,1700,2014,"Good"
"1030","Costa Rica",7.5,7.25,7.33,4,1300,2013,"Poor"
"1031","Kenya",7.83,7.75,7.75,1,250.5,2014,"Good"
"1032","Mexico",7.25,7.08,7.17,5,1300,2013,"Poor"
"1033","Mexico",7.67,7.5,7.58,11,1250,2012,"Poor"
"1034","Taiwan",7.67,7.83,7.58,0,800,2015,"Good"
"1035","Ethiopia",7.58,7.83,8,3,1774.20545454545,2010,"Good"
"1036","Colombia",7.67,7.33,7.58,1,1600,2010,"Poor"
"1037","Guatemala",7.5,7.42,7.58,1,190164,2016,"Poor"
"1038","Ecuador",7.75,7.58,7.58,1,420,2016,"Poor"
"1039","Mexico",7.5,7.58,7.67,3,1170,2012,"Poor"
"1040","Thailand",7.58,7.75,7.75,0,1078.1151,2011,"Good"
"1041","Colombia",7.5,7.58,7.5,1,439,2018,"Good"
"1042","Brazil",7.5,7.58,7.75,4,890,2018,"Good"
"1043","Brazil",7.17,7.83,7.5,0,1,2016,"Poor"
"1044","Brazil",8.42,7.92,7.75,3,12,2010,"Good"
"1045","Thailand",7.67,7.75,7.67,1,1350,2015,"Good"
"1046","Costa Rica",7.75,7.42,7.25,0,1300,2015,"Poor"
"1047","Uganda",7.83,7.58,7.5,0,1800,2013,"Good"
"1048","Guatemala",7.17,6.5,7.25,6,2940.38423492063,2012,"Poor"
"1049","Nicaragua",7.58,7.42,7.17,4,7488.97058823529,2013,"Poor"
"1050","Taiwan",7.67,7.75,7.75,1,525,2014,"Good"
"1051","Brazil",7.25,7.42,7.5,2,1260,2015,"Poor"
"1052","United States",7.42,7.17,7.42,0,1706.88,2014,"Poor"
"1053","Mexico",8,7.75,7.83,1,1700,2012,"Good"
"1054","Colombia",7.83,7.58,7.25,0,442,2012,"Poor"
"1055","Honduras",7.58,7.33,7.17,5,1650,2017,"Poor"
"1056","United States (Hawaii)",7.33,7.58,7.92,0,518.16,2012,"Good"
"1057","Guatemala",7.5,7.5,7.42,1,1700,2017,"Poor"
"1058","United States (Hawaii)",7.75,7.67,7.83,2,518.16,NA,"Good"
"1059","Ethiopia",8.67,8.83,8.75,0,2075,2014,"Good"
"1060","Brazil",7.17,7,7.5,6,1028.15625,NA,"Poor"
"1061","Honduras",7.83,7.75,7.67,4,1450,2014,"Good"
"1062","Brazil",7.08,7.5,7.83,16,11000,2015,"Good"
"1063","Mexico",7.58,7.42,7.5,2,1550,2012,"Poor"
"1064","Thailand",7.42,7.5,7.67,0,1500,2013,"Good"
"1065","Mexico",7.83,7.5,7.67,0,1450,2012,"Poor"
"1066","India",7.67,7.83,7.5,0,1000,2015,"Poor"
"1067","Honduras",7.5,7.33,7.42,2,1450,2015,"Poor"
"1068","India",7.5,7.5,7.83,0,750,2013,"Poor"
"1069","Colombia",7.67,7.58,7.67,0,1775,2012,"Good"
"1070","Vietnam",7.75,7.67,7.58,0,1550,2014,"Good"
"1071","Costa Rica",7.83,7.5,7.67,0,1352.15,2015,"Good"
"1072","Guatemala",7.33,7.33,7.33,5,1310.64,2012,"Poor"
"1073","Costa Rica",8.17,7.83,8.08,0,1300,2016,"Good"
"1074","Colombia",7.83,7.67,7.42,5,1450,2013,"Good"
"1075","Honduras",7.5,7.33,7.5,5,1400,2014,"Poor"
"1076","Thailand",7.25,7.08,7.5,0,800,2013,"Poor"
"1077","United States (Hawaii)",7.08,7.33,7.25,6,518.16,2011,"Poor"
"1078","Colombia",7.42,7.33,7.17,2,1300,2013,"Poor"
"1079","Mexico",7.08,6.75,7,6,1500,2012,"Poor"
"1080","United States (Hawaii)",6.92,6.92,7.5,9,518.16,2014,"Poor"
"1081","Mexico",7.58,7.33,7.5,12,1186,2012,"Poor"
"1082","Mexico",7.33,6.75,7.25,30,1250,2012,"Poor"
"1083","Mexico",7.42,7.42,8,4,1237.79894179894,2014,"Poor"
"1084","Mexico",7.42,7.58,7.67,1,1600,2013,"Good"
"1085","Mexico",7.5,7.25,7,20,1100,2012,"Poor"
"1086","Peru",7.58,7.58,7.75,3,1200,2013,"Poor"
"1087","Costa Rica",8.08,8.25,8.17,2,1300,2014,"Good"
"1088","Nicaragua",7.67,7.83,7.5,0,1000,2015,"Good"
"1089","Kenya",7.67,7.75,7.75,0,1650,2012,"Good"
"1090","Taiwan",8,7.92,7.75,0,1000,2014,"Good"
"1091","Guatemala",7.5,7.5,7.67,0,1400,2013,"Poor"
"1092","Ecuador",7.5,7.67,7.75,0,40,2016,"Poor"
"1093","Colombia",7.67,7.67,7.5,0,1775,2012,"Good"
"1094","Mexico",7.58,7.58,7.25,4,1248,2012,"Good"
"1095","Guatemala",8,7.92,8,2,2940.38423492063,2016,"Good"
"1096","Indonesia",7.83,7.58,7.58,0,1600,2010,"Good"
"1097","Mexico",7.33,7.33,7.42,5,1642,2012,"Poor"
"1098","Colombia",7.75,7.67,7.67,0,442,2015,"Good"
"1099","Mexico",7.33,7.58,7.58,4,1650,2012,"Poor"
"1100","Guatemala",7.42,7.33,7.58,1,1310.64,2013,"Poor"
"1101","Honduras",8.17,8.08,8,3,1400,2016,"Good"
"1102","Mexico",7.25,7.33,7.25,5,1100,2012,"Poor"
"1103","Honduras",7,7.17,7.17,16,1350,2014,"Poor"
"1104","Colombia",7.92,7.92,7.83,2,1560.29133858268,2016,"Good"
"1105","Mexico",7.58,7.58,7.75,0,1200,2012,"Good"
"1106","Panama",7.25,7.33,7.33,4,1680,2014,"Poor"
"1107","Colombia",7.5,7.5,7.58,2,1775,2012,"Good"
"1108","Colombia",7.75,7.75,7.67,1,1560.29133858268,2016,"Poor"
"1109","Tanzania, United Republic Of",7.33,7.33,7.42,5,1525,2014,"Poor"
"1110","Colombia",8,7.5,7.67,0,1775,2015,"Good"
"1111","Guatemala",7.75,7.33,7.42,10,1402.08,2012,"Poor"
"1112","Colombia",7.67,7.5,7.67,1,1550,2014,"Poor"
"1113","Costa Rica",7.5,7.5,7.17,0,1300,2015,"Poor"
"1114","Brazil",7.25,7.25,7.58,1,1,2016,"Poor"
"1115","Costa Rica",7.5,7.17,7.17,3,1850,2013,"Poor"
"1116","Ethiopia",7.92,7.75,8.08,2,1774.20545454545,NA,"Good"
"1117","Colombia",7.75,7.58,7.83,1,1775,2014,"Good"
"1118","Guatemala",7.5,7.58,7.67,3,1100,NA,"Good"
"1119","Guatemala",8,7.83,7.83,4,1310.64,2012,"Good"
"1120","Mexico",7.58,7.42,7.42,5,1600,2012,"Poor"
"1121","Brazil",7.5,7.5,7.5,3,934,2016,"Poor"
"1122","Colombia",7.58,7.67,7.75,2,1750,2013,"Good"
"1123","Colombia",7.83,7.75,7.67,2,1560.29133858268,2016,"Good"
"1124","Brazil",7.17,7.25,7.25,1,1028.15625,2013,"Poor"
"1125","Ethiopia",7.67,8,8,5,1774.20545454545,2010,"Good"
"1126","Tanzania, United Republic Of",7.58,7.17,7.33,2,1550,2014,"Poor"
"1127","Uganda",7.75,7.92,7.67,1,1650,2013,"Good"
"1128","Brazil",7.58,7.5,7.67,0,1,2016,"Good"
"1129","Brazil",7.67,7.75,7.75,0,1028.15625,2014,"Poor"
"1130","Colombia",7.67,7.58,7.58,0,1750,2012,"Good"
"1131","Mexico",7.5,7.42,7.5,13,1800,2012,"Poor"
"1132","Mexico",7.67,8,7.42,2,1218,2012,"Good"
"1133","Colombia",7.58,7.42,7.92,0,1450,2014,"Good"
"1134","Taiwan",7.25,7.17,7.25,0,758,2015,"Poor"
